-- MySQL dump 10.13  Distrib 5.5.62, for Linux (x86_64)
--
-- Host: localhost    Database: heroku_784b4884b79ec0d
-- ------------------------------------------------------
-- Server version	5.5.62-log

/*!40101 SET @OLD_CHARACTER_SET_CLIENT=@@CHARACTER_SET_CLIENT */;
/*!40101 SET @OLD_CHARACTER_SET_RESULTS=@@CHARACTER_SET_RESULTS */;
/*!40101 SET @OLD_COLLATION_CONNECTION=@@COLLATION_CONNECTION */;
/*!40101 SET NAMES utf8 */;
/*!40103 SET @OLD_TIME_ZONE=@@TIME_ZONE */;
/*!40103 SET TIME_ZONE='+00:00' */;
/*!40014 SET @OLD_UNIQUE_CHECKS=@@UNIQUE_CHECKS, UNIQUE_CHECKS=0 */;
/*!40014 SET @OLD_FOREIGN_KEY_CHECKS=@@FOREIGN_KEY_CHECKS, FOREIGN_KEY_CHECKS=0 */;
/*!40101 SET @OLD_SQL_MODE=@@SQL_MODE, SQL_MODE='NO_AUTO_VALUE_ON_ZERO' */;
/*!40111 SET @OLD_SQL_NOTES=@@SQL_NOTES, SQL_NOTES=0 */;

--
-- Table structure for table `address`
--

DROP TABLE IF EXISTS `address`;
/*!40101 SET @saved_cs_client     = @@character_set_client */;
/*!40101 SET character_set_client = utf8 */;
CREATE TABLE `address` (
  `addressID` int(11) unsigned zerofill NOT NULL AUTO_INCREMENT,
  `addressDetail` text NOT NULL,
  `subDistrict` text NOT NULL,
  `district` text NOT NULL,
  `province` text NOT NULL,
  `postalCode` int(6) NOT NULL,
  PRIMARY KEY (`addressID`)
) ENGINE=InnoDB AUTO_INCREMENT=103 DEFAULT CHARSET=utf8;
/*!40101 SET character_set_client = @saved_cs_client */;

--
-- Dumping data for table `address`
--

LOCK TABLES `address` WRITE;
/*!40000 ALTER TABLE `address` DISABLE KEYS */;
INSERT INTO `address` VALUES (00000000011,'96 ซอย กัญเเละกัญ','โคกใหญ่','เนินโคก','นครราชสีมา',30598),(00000000012,'48/48 BNK48 theatre','คลองจั่น','บางกะปิ','กรุงเทพมหานคร',10240),(00000000022,'140 Winterfell','คลองจั่น','บางกะปิ','กรุงเทพมหานคร',10240),(00000000032,'140 Galaxy','คลองจั่น','บางกะปิ','กรุงเทพมหานคร',10240),(00000000042,'45 บ.โคกนา','บางละมุง','บางละมุง','ชลบุรี',20150),(00000000072,'76/8 ขาว','บางขาว','บางขาว','กรุงเทพมหานคร',10222),(00000000082,'6/8 ดำ','บางดำ','บางดำ','กรุงเทพมหานคร',10992),(00000000092,'85 ดอนทราย','เนินทราย','เนินสูง','ขอนเเก่น',98552),(00000000102,'asdfasdf','kan','kan','kan',123456);
/*!40000 ALTER TABLE `address` ENABLE KEYS */;
UNLOCK TABLES;

--
-- Table structure for table `car`
--

DROP TABLE IF EXISTS `car`;
/*!40101 SET @saved_cs_client     = @@character_set_client */;
/*!40101 SET character_set_client = utf8 */;
CREATE TABLE `car` (
  `carID` int(8) unsigned zerofill NOT NULL AUTO_INCREMENT,
  `carArea` float NOT NULL,
  `carWeight` float NOT NULL,
  `carStatus` varchar(10) NOT NULL DEFAULT 'ready',
  `licensePlate` varchar(10) NOT NULL,
  `model` text,
  PRIMARY KEY (`carID`),
  UNIQUE KEY `licensePlate_UNIQUE` (`licensePlate`)
) ENGINE=InnoDB AUTO_INCREMENT=323 DEFAULT CHARSET=utf8;
/*!40101 SET character_set_client = @saved_cs_client */;

--
-- Dumping data for table `car`
--

LOCK TABLES `car` WRITE;
/*!40000 ALTER TABLE `car` DISABLE KEYS */;
INSERT INTO `car` VALUES (00000010,85000,4.2,'ready','รน 351','Ford fiespa'),(00000011,100000,6,'ready','พร 756','Hino'),(00000012,50000,4,'ready','บร 659','Honda Kt'),(00000013,60000,5,'ready','คน 999','Suzuka GH'),(00000015,100000,6,'unready','ขร 987','Titan 10'),(00000017,20000,2,'ready','ตด 888','Honda wave'),(00000084,40000,2.5,'ready','จน 555','Nissan SKL'),(00000098,75000,3.5,'ready','สน 987','Toyota bico'),(00000192,60000,3,'unready','กย 750','Toyota A1'),(00000202,90000,5,'unready','กย 742','Izusu GXZ'),(00000312,50,50,'ready','123456','123456'),(00000322,1025,102,'unready','12','kan2');
/*!40000 ALTER TABLE `car` ENABLE KEYS */;
UNLOCK TABLES;

--
-- Table structure for table `category`
--

DROP TABLE IF EXISTS `category`;
/*!40101 SET @saved_cs_client     = @@character_set_client */;
/*!40101 SET character_set_client = utf8 */;
CREATE TABLE `category` (
  `categoryID` int(8) unsigned zerofill NOT NULL AUTO_INCREMENT,
  `categoryName` varchar(50) NOT NULL,
  PRIMARY KEY (`categoryID`),
  UNIQUE KEY `categoryName_UNIQUE` (`categoryName`)
) ENGINE=InnoDB AUTO_INCREMENT=193 DEFAULT CHARSET=utf8;
/*!40101 SET character_set_client = @saved_cs_client */;

--
-- Dumping data for table `category`
--

LOCK TABLES `category` WRITE;
/*!40000 ALTER TABLE `category` DISABLE KEYS */;
INSERT INTO `category` VALUES (00000152,'beauty'),(00000182,'clothes'),(00000052,'Fast Food'),(00000042,'Fresh Food'),(00000192,'furniture'),(00000172,'kitchenware'),(00000062,'Medicine'),(00000142,'sport'),(00000072,'Toy');
/*!40000 ALTER TABLE `category` ENABLE KEYS */;
UNLOCK TABLES;

--
-- Table structure for table `employee`
--

DROP TABLE IF EXISTS `employee`;
/*!40101 SET @saved_cs_client     = @@character_set_client */;
/*!40101 SET character_set_client = utf8 */;
CREATE TABLE `employee` (
  `employeeID` int(10) unsigned zerofill NOT NULL AUTO_INCREMENT,
  `employeeFirstName` text NOT NULL,
  `employeeLastName` text NOT NULL,
  `employeePhotoUrl` text,
  `employeePhone` varchar(15) DEFAULT NULL,
  `employeeEmail` text,
  `salary` float NOT NULL,
  `username` text NOT NULL,
  `password` text NOT NULL,
  `sex` text NOT NULL,
  `stockID` int(8) unsigned zerofill DEFAULT NULL,
  `positionID` int(2) unsigned zerofill NOT NULL,
  `status` varchar(8) NOT NULL DEFAULT 'ready',
  `addressID` int(11) unsigned zerofill NOT NULL,
  PRIMARY KEY (`employeeID`),
  KEY `employee_fk_1_idx1` (`stockID`),
  KEY `employee_fk_2_idx` (`addressID`),
  KEY `employee_fk_position` (`positionID`),
  CONSTRAINT `employee_fk_address` FOREIGN KEY (`addressID`) REFERENCES `address` (`addressID`) ON DELETE NO ACTION ON UPDATE NO ACTION,
  CONSTRAINT `employee_fk_position` FOREIGN KEY (`positionID`) REFERENCES `position` (`positionID`),
  CONSTRAINT `employee_fk_stock` FOREIGN KEY (`stockID`) REFERENCES `stock` (`stockID`) ON DELETE NO ACTION ON UPDATE NO ACTION
) ENGINE=InnoDB AUTO_INCREMENT=253 DEFAULT CHARSET=utf8;
/*!40101 SET character_set_client = @saved_cs_client */;

--
-- Dumping data for table `employee`
--

LOCK TABLES `employee` WRITE;
/*!40000 ALTER TABLE `employee` DISABLE KEYS */;
INSERT INTO `employee` VALUES (0000000001,'Wongsakorn','Kosiyakul','https://upload.wikimedia.org/wikipedia/commons/thumb/8/86/%27David%27_by_Michelangelo_Fir_JBU013.jpg/220px-%27David%27_by_Michelangelo_Fir_JBU013.jpg','0956666166','wongsakorn@mail.com',100000,'wongsakorn','wongsakorn','male',00000002,02,'ready',00000000022),(0000000002,'Pongpat','Sitiputa',NULL,'0902587962','pongpat@hotmail.com',56000,'pongpat','pongpat','male',00000001,02,'ready',00000000032),(0000000009,'Anuthin','Charnvirasakul','https://avatars2.githubusercontent.com/u/49345362?s=400&v=4','0854641101','anu@mail.com',20000,'anu','anu','male',00000006,12,'ready',00000000011),(0000000016,'Somprasit','Koteputorn','https://scontent.fbkk5-6.fna.fbcdn.net/v/t1.0-9/10414849_849787295096183_4263099227987189913_n.jpg?_nc_cat=101&_nc_oc=AQmvpIm1X-1MeBLFhfhm4APD_GuEtb4P6rIalf8rov-hi3Dy-hsapqW1EhXGycr74aI&_nc_ht=scontent.fbkk5-6.fna&oh=9a5113010349476892306db2535b3505&oe=5D8F8887','0908967962','somprasit@hotmail.com',15000,'somprasit','somprasit','male',00000004,03,'unready',00000000042),(0000000092,'Sawitchaya','Kajonrungsilp','http://www.cleothailand.com/wp-content/uploads/2018/11/satchan2.jpg','0484848484','satchan.bnk@gmail.com',48000,'satchan','satchan','female',00000004,02,'ready',00000000012),(0000000102,'John','Snow','https://s2.r29static.com//bin/entry/e42/720x1080,85/2162331/jon-snow-finally-knows-hes-2162331.webp','0123456789','john.king@gmail.com',15000,'staff','staff','male',00000004,12,'ready',00000000022),(0000000112,'Thanos','Titan','https://vignette.wikia.nocookie.net/marvelcinematicuniverse/images/1/15/E4EC70AD-FBB0-4763-B662-9F3D075BE5E1.jpeg/revision/latest?cb=20190504042752','0987654321','thanos.kiki@gmail.com',15000,'manager','manager','male',00000001,03,'unready',00000000032),(0000000122,'Mewnich','Bnk48','data:image/jpeg;base64,/9j/4AAQSkZJRgABAQAAAQABAAD/2wCEAAkGBxMTEhUTExIWFhUXFxgXGBgVFxUVFxUXFRgXGBgXFxUYHSggGB0nGxcVITEhJSkrLi4uFx8zODMsNygtLisBCgoKDg0OGhAQFy0eHh8tLS0tLS0tLS0tLS0tLS0tKy0tLS0tLS0uLS0tLS0tLS0tLS0tLS0rLS0rLS0tLS0tLf/AABEIAOEA4QMBIgACEQEDEQH/xAAcAAEAAQUBAQAAAAAAAAAAAAAABQIDBAYHAQj/xABEEAABAwICBgcFBQYFBAMAAAABAAIDBBEhMQUGEkFRYRMicYGRobEHMsHR8EJSYnLhFCMzgpLxJENzorI0U7PiCBU1/8QAGAEBAAMBAAAAAAAAAAAAAAAAAAECAwT/xAAgEQEBAQEAAwADAQEBAAAAAAAAARECAyExEkFhMlEi/9oADAMBAAIRAxEAPwDuKIiAiIgIiICIiAiIgIoLT2ttLSXEsgLwL9GzrP8ADd32XLNY/axVucRTmOnZjbab0sh5kk7I7Ld5TUyWu4LHrK6KJu1LIyNvF7mtHiSvmOXXSukxfpCa+d2uDPAMsB5KMq3dL1pZZHnO7yTnc/a7fNRqfxfSztedGg7Jr6cEcZWD1Kz9H6fpZzaGqglPCOWN58Gkr49qIwMh6/JWLDeE0x9tovlfVn2iV9GR0dQ6SMZxzkyMI4Ak7TP5T3L6A1E11g0lDtR9SVlukiJu5hO8H7TDud42OClFjaEREQIiICIiAiIgIiICIiAiIgIiICIiAiIgLnPtR9oLaNpp4XfvnDrOH+WDkB+I+S2XXTWqKgppJXOBeBZjN7nkdUW8+xfLctW+pndLKS9znXJJ4nglTIy5tJzS3dgLnN3WcTx5nmsV9SLEOALjvNvQBZekp9hthmd24KEjON1VonotCkwCRoubdb64KKjqC02OWWTfip3Ruk3bD2A/Z2gLD7Iv54hQ1e8P6wFjvG6/EHdfgoGeHNczCx5FoBHcoGZguf7KV0fGTiOsN24jl+hzVFZRC5P0P0VkWItoIUvq1p2WjnZUQmz2HLHZe022mO/CR8DmAo4TbO7D07F67EXHYd9/oIh9aana0waQpxNCbEdWRh96N9rlp48jkQp1fK/st1mdQ18bi60MhEUw3bLjZriPwuIN+G1xX1QpUEREBERAREQEREBERAREQEREBERAVMjwAScgLqpQGuGlWwRNLgSHOAs3flhyHyUybcM344z7c667oWWILnPee4AAc/e8lpGjKQMaCc87c9w+JUnr1pI1Vff7EbQGg+Z7zc9wVmmjuOeXZfP4DuUd32vzziFrbucT9dqsx0xutkGjwdyzaXQwNuZ9MB9c1nem041AUDT0niD6KmehI3Zj4D9PBbjovQwL8syPMLJrNEdXatk4g9gNh5Kn5e1/wmNJoWkbu3mPmFm1LdobtobuIIUlLQbLiB2qKrBsnmPMfXotJWfXOImekuCW5cOHJUUpAjc0+9fDu+gpKB9nDg76Ks6ZgAIITfauMOWDaYXtwIwcBuPEcAV9KeyfWt1fR7UlulicGOsLXFhsuI4nrDuXzPSVZY88HDZI3Hgfh3rs/wD8fa2FrqqHatK8skaD9qNoIIbxLXE3H4h3WZ2OzoiKVRERAREQEREBERAREQEREBERAULrfo8TUzxvaNod31fuU0rNZbo33y2TfwUy5SPkKdzhNLtZg2PbkpjRTrjx8cFhawPDqiZw+08u8zb0CzNCC7XHh8brPt0cT2mKQC48O/M/BbJR04sztHxutc0UC4jsJ7yQB8Vt0UdmMPIeYb8z4LHqt+Z6U0sVndwPeLfNZclMHtlaOO0O/wCrKunhxdxBB7rD67lci6sgO4gt8MR/tPkq2rY1Cpbi0uHvXaeTm4H65LVtIMIPYbH4LfdYqIte62Tv3jDuD25jvHotV0vAC5p3PFuw7h6hXlU6jW34XHDL67CrtT1mA8QrNULHy8FkaNaXMcB9k37itGOfpAVDcVJau6YfT1EUzDZ8bw4c9xHYQrFZHisHY6w7VdlfT7P0XWtnhjmb7sjGuHLaF7LKWmeyGs6XRUBvctMjDy2ZXgA91vFbmpUEREBERAREQEREBERAREQEREBUSxhzS05EEHsOCrWJpaRzYJXN94RvI7Q02QfK+ttKIaueIODtiRwuMjYlZOrcrWxSE54WwviojTETmyPDs9o48RxB3rcfZpTxPZN0jQcgL7rgn5LPv46OPqzoDSbGyWLTbdlxJ9CtsbpJpjtYgWtjyUL/APa0UD5D0L3tabuc1vVZc2sXbt3ith0VW0lTtMjFnD3mOBa4drSsr/3G3N/WpGjdiHbiB52VnTrjGNpoviDbnlh3KZ0bRADZ4KqqpmnqkXHBVTvto9VFU1bbNwGY5Hjf6zWuVGr89nB5xabkG5txt6rctZKmpjjf+ygNbHbbfhcbRGAHIG54BaTol1ZNJMf2h/U2iC/EPAdYXF8Lg3z3HNaSXNUvXO4jNJaFc1m2CTxFsiFTq8dmYA5SNt8R5rdKKjfM0B7eR4HdwWpVlIYXkH3oZPFp394SXfRec9sDTcGzIQsvReqZmbd8nRlw6mF7m32uWIUxWwRvftPF27O18f0U7BAHRMLDez28sHG1vMJ13ZDnxy32jvYjpeWn0gaZ19iUujkbuEjAS13bdhb/ADcgvopcH1C0Q6TSZmYDsftLnl27qiSwByItcnmW813hbRy9fRERSqIiICIiAiIgIiICIiAiIgLwheog4T7bdVYaZrJ4todJIGlhN2i7ZHXbvHujD5K37N6BslM8HAkjEYHIfqug+2TR/S6Nlfa5hLZe5j2bX+zbWqezaJv7E17d0kkLjx2TtxnvZJbsaFn5J6b+K+1dBq21sU1M+O8cjjiHdYY3DiSMTcArK1c1PZTyOkDyXuOJ2QAMbnO97m11tMbVlMaqS3Glk3cWIo7OHcrVS2z1kt99Y+kDZ1+arfiZ9WH0LRtbIttXLsTiTvONio+LQMbbhrGtBNyGgNBPMDPvU7BiF69ifol9ok0bWjAWXNtfaW04fukbsu/M3I+HouqVC59r9DtRk72kOHd+l1E+r341ilBfC3C7sGgcTtdYDuDlPh5pKSV5zA6gzO1cbA/qLQozQDBcYXIe63K5uumaC1QZUBks2LGP22s+yXNye771jewyuL8FbN6xW38eNTuomi+ho6dhbZzIwDxL7Wc48eHjxWzKljbCwVS6HEIiICIiAiIgIiICIiAiIgIiICIiDE0tQtnglhd7skb4z2PaW/FcY9k84ip62mlIa6J/SHaIaA6O0bsTvNrdwXW9ZtZKahh6apkDG5NGb3u+6xubj6b18wayaWbVVFRNGwxxyyF4ZfLm62F79bkTyUVbl9DUr8FmtK07UfS/7RSxSE9bZ2X/AJ2dV3mL962yJyw+Om+/amOUB+JxWNpitiaRtva3aIaNogXJyAvvV2rpg4h28LFl0aHHacb2yuBgo/hM3VzRcnXe3cAD43HwUhIsWkgay9szmd5V970nw/bDqVpetsd2O7Ct0qFq2sjLsd2FF9XfZRqzDNTGeTaLulc3A2BAazlfMnIrqkUYaA1oAAFgBkAtU9ldEYtHR3zc+R/cXkDyAW3Lokjj66tERFKoiIgIiICIiAiIgIiICIiAiIgKzW1TIo3yyHZYxrnuJ3NaLk+AV5cn9vmtTYqX9ijkHSzEdI0HrMiGPWAy2jsjmLoOMa560TaQqX1EpNr2jZuijv1WjnvJ3lR+jX4lvEYc/q6wHK9DJsuB5/3ULOheyfTojnfSvNmyHaZf74FnDvAH9K7LG/BfL9WSyQOaSCCHNI3HMEfWYXafZ7rh+1xbL8JWWD+DuDh22yWfc/bXjr9J/Tunnw9WOF8js8Bhb8xw81gy6y1LmjYpn3td3VwHfktikiDxxXnQv2dncs/bv48nhnEl59oWi03UHB9Mb8WuafG9rean2PO9Ux01typlNkY+Xrjq/wDiYonkULU05lcQBcNFzzJOyxna55a3vKvVtXZZeoTelnl2sm9G634uuG+GfaAp591l3651vGjaQRRRxDEMY1t+OyLX71koi6HIIiICIiAiIgIiICIiAiIgIiICs1lXHEx0kr2sY0Xc55DWtHEk5K8SuKe2fWtsT5KcDbkLNhl7lkTZQekkAy6S1mN4AvO9BE+0v2h1NTHemcYaLpXRteCWS1Lmi7nAYOEbfUi+OA5RM6/be9+PMq293E3tlfcOA8SjUSTNxNl4q2hNhQlkOO3HfezA/lOSkdUdMGlmDz/Ddg8cBucOYuoinl2TjkcCOIWVTWa7Zdi07+RH9lF+J5+vobRmkcASbtIBDuRyU9HVAjNc59mtTt03RuN9glo7AcFs01K5vuuI7CufcuOq8yp+WcKF0hWjIZqPk297ie9WxGl6TOcY85JzU37OZw2pkZ96O457Dh8HFQ04WHDWPglZMz3mG9txGRB5EEjvU8XLqO5sx2tFD6v6yQVbeo6zwOtG7Bzez7w5hS7nAC5NhzXS4seooar1qoojaSpjZja7nWZfhtnq+ay9HaZp5/4FRFL/AKUjJP8AiSmDOREQEREBERAREQEREHjjbEqLqNKEkhg/mO/sCaRmL3iIZDF3M5gfHwR0AOFlbMNR08xJ65J7Vyb2xatySPjqYxf/ACngbvuH1Hguu1dIQOI8woXSUPVsRttuDa1yLZG3L5KFo+YYIS51rfQzVezZzhwuPI/JdW1l1Wp6KOarjzd1I2nGz5bjC/AbR7lyhottHlbvOHz8EwpGFlVEVmtO52HeFYgbcjwWbXNsxo5/X1yVU/pGvCvRdZtt4y58lZecT9c1cgdbBEOney6rsS3j6jNdULLhcW9mdWBWtjNiH3ab+R5G4GP9j3N1OQMMvMdvz9L2WPfju7G/HkmZUVNTLGkgspktCx54li11rNWFhOhup2aiJNhmpXRmhgzrOz4/Lh2/oVrxzelO+5y1vRerUheHkllsQQSHNPaMitsrqd0g6znO7SSO4LLc9rcMuX1ksObSsYwuSeTXO7Mgunmfj8Y83rdxo/tDo9mkduu5gt/MDfyWgaBiEdTTyXPVmjdcYG2229iOVx3rpftFkLqR52Da7Bcgj7Y48SuX0Zdtswt1mnzC6Jdivnu9R9UwTte0OaQWnEEb1cWlapTTRe/YsdjYZg8beuK3CCoa8Xab+o7Queo6kl9LqIihUREQEREBY1fVCNhO/Jo4k5LJWt1lV0khd9hlw3nxKtxztGTo9mbjiScTxOZWWSvKaKzAN9rntOKOyU9Xaqre3BQtSzZO0fdyd81Msf1exaxrTpwU0MspZtBrSbEgXJsGjxIURMcs9rulg6dsTT1Ym4gZGR4F791h3lculfu71laUrXyvc55xJJPacSpmg1OmNLJWSjZia3abfN5JsAOG5Orq0iGpBd9vq9llaVkFmd5+A9ViURs+/afJW62faPIZKiVlozJXpfYL0HAKmOO5RDafZ4HmthLRc7V7bzbrHyC+k6eYO5HwIXDvZHo//EGYj3G2b2nBx+C7fTWIVotfi1VwWxHgMiOXy7FGuqAcAbncBipuexaQTcW/utZ0JTgTnMbLNnE3OBz5Z+QWd8ct0nksmJukow0XeRtcNwKuvcN7ld6JedCOXgtFWNZnC696S2TVk9H2eCpcxSnWn+0K5oZCfvR/+RuPmuUUU9pGhwt129lrhdg9oTCaCbH7hy3NkYVxynqGuLbjrAt8iFrx8Z9fXeNFP2mg8R6qTMe8Gx4jArCoIGhrbcFltj7VkvWdSaRthJ/V8+HapIFQDo/kr1DWGM7LvcJw/D+ihCaREUAiIgwdMz7EZ4u6o78/K6hqaK5Y3ibnsGJ8gszTzrvY3lfxP6KjR4vKfwt8z9Fbc+uRKFWbZhXm5K2/NZIYrDm1c49qdRZjKe9y87bvytuG37Tc2/Cuhym0g54LimulcZa2V18NosHIM6o9D4rXxz2rWt6v6uOqqhsIF7uu7k0Ym/1vW/e1epEFC2lbkbBvMNIv27hzueCmvZ3okQUz6pw60mXHYbwHM3PcFzDXTTTqqd8jsGtuxjc9kD45+JVe1+K0y1lZdmsiRt+z1VEUV1msRwkjJSOjKBz3BoF8RflfBexWa3kLk+nzXUPZbq0DGKl4xdYgH8x9MExMT+pWgTDELixtlwF1uMcICRR28/mrrcu4KytuhZh4+i0vUxrxPI5zrmUFzm2sWODgSDgPvW/kK3j5rW9BH/FTg8G27Oru+KmK36n2uVQevAPj6KkjDuULLl/rtVL/ANF4fiqXD4oIHXRt6Ko/0z4Aj5Lh92E813PWsf4Oov8A9l3mFw50IJWvj+KdfXfdDy7UbTusP0Uq367VD6ChIhZ+UKRdIAMVk0rK2gsOueLGy8u52QsOJw8syqKiIN5nHHu3BMVtkTOhK3pY8+s07Du0b+8WPepBaroOXo6i32ZW/wC9mXkbLalHUwERFAgdJC855NA+PxVeih/EdzA8B+qx3SbTnO4k27Mh5WWZo5to78ST52+C2vrnBlU5uF7KFaonZq/KMFkhEacm6NjpfuNLv6RdcMjgMsoGZJuee8/Fdu1t/wCkn/0n+hXMdSKHpHTP3ta0Dtef/TzW3H+apfrL1jqdItotoPZDA1mTR+8dtGwAO7A7rLk1SLlrRuBOPqe5fQuvtHegMbRfBmG87JBsO4LgGmISwuaRbj8B2ZLLppPiOmIsdnIZc8M1fhisPrMYqqOMdUd57Bu9FlU0JdJs2N3OAt4BVWZOreg5Kl7WhpLRYu3YXxxPh48F9AaDp2xQsZa2y0D6ssHVzQLIImsa0AkAuPErZW04tawVsxX81jaF8959F7fDuV4UjeHmfmvf2JvPxQ1S3PvC13RUWzVPdfB4vvFiABj4cuxbGKRnPxVbqNtt/iiFjf3n0S2HcFdbStORPl8lbkpyMneKJ2BGPefReFuHcqdiTiPH9FQ+J/EeJ3dyYbERrkLUdR+R3gBcrh2DhfeOGa7XrE1xpqgFwsIZMh+A7yVxB8ZBuN+a24npTqy19BaPa90bQBbqi53Zbt5Wc2JrcTieJ+HBW9BOvCw/hHosStqbuI52WS1uszpNrJYshuTyw+auwXDcMzkjo7Wbwz7VKrErmkBjxm1wI+u2y22lmD2NePtAH9FrldFdhHL0Ulq3NeMt+6fJ2PrdOv8AK0+JZERZpa1E07OAUpTstGBy9VrmltHGXorNY8NJvHISGOJtY4A4ix/qO64dXX6Bnc6EtlB6OERucXG7nbLwT7pcb7Qx2hl1trJad2icoT1is14WlU+g52ys/fhzI34Nc5/7yMClDWSm2JHRSG4OJay9w54WVBoCrbLG91Q14bK6RxvI3aDuhLuoS619mWwa4AbQGLbtVLUYltPUxkgkZ99jm+Isuf6iUz4xIHtLXdIGkOBFxbDA9hWzV2r0ribvDWl5L3B7y6djqqGYB7S2w2IWSRgYg7dsBcKEgJhe2mEzekdG7YJbcCUxR7L3O6Pr2l6c2JH8S5vkL89XMxFn9brWU/SZ5AeZ+vNc51n1MbUSOcOqXC/Ze9vIN810qhY8RNbI7afY3I5k2HcLC/JY1RQ7Rv2DuxSf03HI9EezOoL7yFobhiDc2HJdK0dqtTR7NoWFzbWcWgnDfftWwRQ2FlXsKDbVqKKyrVRC8sgBCV6qJCoHjMSr8gwVuFqvSDBBiQuxWS9twsOH3is1pQYbsCqZTcLImasZykazrEdmlqf9N3mLLjJ63auy65YUs/5PUgLjIjO0O0eq24+KO/6BOywN4BRwN3nkT6rN0e6yww3987gD471ksmKfAX37uQSNuN15GrrAg9lbgsfVuTZkLeLSO9ht6XWeWYKGpn7EwP3ZPJ1r/wDIqefcsWjb0Xi9WKUBB7zO1SqIte0Iz7fepU5IirSLFRkVzDWL/wDSpe0er0RX4V6dOZkFUURUS9CFEQUFeIiD1WpURBdiV2XJEQYFLmVltXqKaRQ9YsiIkGsa8/8ASTflb/zauPt99v5m+oRFtz8Udyos1Zd/Fd2/AL1FklJxZK5FmvURZlblr1X78n8q8RW8f1PLdURFgl//2Q==','9999999999','mewnich@bnk48.com',15000,'mewnich','mewnich','female',00000006,03,'unready',00000000011),(0000000132,'Mewnich','Bnk48','data:image/jpeg;base64,/9j/4AAQSkZJRgABAQAAAQABAAD/2wCEAAkGBxMTEhUTExIWFhUXFxgXGBgVFxUVFxUXFRgXGBgXFxUYHSggGB0nGxcVITEhJSkrLi4uFx8zODMsNygtLisBCgoKDg0OGhAQFy0eHh8tLS0tLS0tLS0tLS0tLS0tKy0tLS0tLS0uLS0tLS0tLS0tLS0tLS0rLS0rLS0tLS0tLf/AABEIAOEA4QMBIgACEQEDEQH/xAAcAAEAAQUBAQAAAAAAAAAAAAAABQIDBAYHAQj/xABEEAABAwICBgcFBQYFBAMAAAABAAIDBBEhMQUGEkFRYRMicYGRobEHMsHR8EJSYnLhFCMzgpLxJENzorI0U7PiCBU1/8QAGAEBAAMBAAAAAAAAAAAAAAAAAAECAwT/xAAgEQEBAQEAAwADAQEBAAAAAAAAARECAyExEkFhMlEi/9oADAMBAAIRAxEAPwDuKIiAiIgIiICIiAiIgIoLT2ttLSXEsgLwL9GzrP8ADd32XLNY/axVucRTmOnZjbab0sh5kk7I7Ld5TUyWu4LHrK6KJu1LIyNvF7mtHiSvmOXXSukxfpCa+d2uDPAMsB5KMq3dL1pZZHnO7yTnc/a7fNRqfxfSztedGg7Jr6cEcZWD1Kz9H6fpZzaGqglPCOWN58Gkr49qIwMh6/JWLDeE0x9tovlfVn2iV9GR0dQ6SMZxzkyMI4Ak7TP5T3L6A1E11g0lDtR9SVlukiJu5hO8H7TDud42OClFjaEREQIiICIiAiIgIiICIiAiIgIiICIiAiIgLnPtR9oLaNpp4XfvnDrOH+WDkB+I+S2XXTWqKgppJXOBeBZjN7nkdUW8+xfLctW+pndLKS9znXJJ4nglTIy5tJzS3dgLnN3WcTx5nmsV9SLEOALjvNvQBZekp9hthmd24KEjON1VonotCkwCRoubdb64KKjqC02OWWTfip3Ruk3bD2A/Z2gLD7Iv54hQ1e8P6wFjvG6/EHdfgoGeHNczCx5FoBHcoGZguf7KV0fGTiOsN24jl+hzVFZRC5P0P0VkWItoIUvq1p2WjnZUQmz2HLHZe022mO/CR8DmAo4TbO7D07F67EXHYd9/oIh9aana0waQpxNCbEdWRh96N9rlp48jkQp1fK/st1mdQ18bi60MhEUw3bLjZriPwuIN+G1xX1QpUEREBERAREQEREBERAREQEREBERAVMjwAScgLqpQGuGlWwRNLgSHOAs3flhyHyUybcM344z7c667oWWILnPee4AAc/e8lpGjKQMaCc87c9w+JUnr1pI1Vff7EbQGg+Z7zc9wVmmjuOeXZfP4DuUd32vzziFrbucT9dqsx0xutkGjwdyzaXQwNuZ9MB9c1nem041AUDT0niD6KmehI3Zj4D9PBbjovQwL8syPMLJrNEdXatk4g9gNh5Kn5e1/wmNJoWkbu3mPmFm1LdobtobuIIUlLQbLiB2qKrBsnmPMfXotJWfXOImekuCW5cOHJUUpAjc0+9fDu+gpKB9nDg76Ks6ZgAIITfauMOWDaYXtwIwcBuPEcAV9KeyfWt1fR7UlulicGOsLXFhsuI4nrDuXzPSVZY88HDZI3Hgfh3rs/wD8fa2FrqqHatK8skaD9qNoIIbxLXE3H4h3WZ2OzoiKVRERAREQEREBERAREQEREBERAULrfo8TUzxvaNod31fuU0rNZbo33y2TfwUy5SPkKdzhNLtZg2PbkpjRTrjx8cFhawPDqiZw+08u8zb0CzNCC7XHh8brPt0cT2mKQC48O/M/BbJR04sztHxutc0UC4jsJ7yQB8Vt0UdmMPIeYb8z4LHqt+Z6U0sVndwPeLfNZclMHtlaOO0O/wCrKunhxdxBB7rD67lci6sgO4gt8MR/tPkq2rY1Cpbi0uHvXaeTm4H65LVtIMIPYbH4LfdYqIte62Tv3jDuD25jvHotV0vAC5p3PFuw7h6hXlU6jW34XHDL67CrtT1mA8QrNULHy8FkaNaXMcB9k37itGOfpAVDcVJau6YfT1EUzDZ8bw4c9xHYQrFZHisHY6w7VdlfT7P0XWtnhjmb7sjGuHLaF7LKWmeyGs6XRUBvctMjDy2ZXgA91vFbmpUEREBERAREQEREBERAREQEREBUSxhzS05EEHsOCrWJpaRzYJXN94RvI7Q02QfK+ttKIaueIODtiRwuMjYlZOrcrWxSE54WwviojTETmyPDs9o48RxB3rcfZpTxPZN0jQcgL7rgn5LPv46OPqzoDSbGyWLTbdlxJ9CtsbpJpjtYgWtjyUL/APa0UD5D0L3tabuc1vVZc2sXbt3ith0VW0lTtMjFnD3mOBa4drSsr/3G3N/WpGjdiHbiB52VnTrjGNpoviDbnlh3KZ0bRADZ4KqqpmnqkXHBVTvto9VFU1bbNwGY5Hjf6zWuVGr89nB5xabkG5txt6rctZKmpjjf+ygNbHbbfhcbRGAHIG54BaTol1ZNJMf2h/U2iC/EPAdYXF8Lg3z3HNaSXNUvXO4jNJaFc1m2CTxFsiFTq8dmYA5SNt8R5rdKKjfM0B7eR4HdwWpVlIYXkH3oZPFp394SXfRec9sDTcGzIQsvReqZmbd8nRlw6mF7m32uWIUxWwRvftPF27O18f0U7BAHRMLDez28sHG1vMJ13ZDnxy32jvYjpeWn0gaZ19iUujkbuEjAS13bdhb/ADcgvopcH1C0Q6TSZmYDsftLnl27qiSwByItcnmW813hbRy9fRERSqIiICIiAiIgIiICIiAiIgLwheog4T7bdVYaZrJ4todJIGlhN2i7ZHXbvHujD5K37N6BslM8HAkjEYHIfqug+2TR/S6Nlfa5hLZe5j2bX+zbWqezaJv7E17d0kkLjx2TtxnvZJbsaFn5J6b+K+1dBq21sU1M+O8cjjiHdYY3DiSMTcArK1c1PZTyOkDyXuOJ2QAMbnO97m11tMbVlMaqS3Glk3cWIo7OHcrVS2z1kt99Y+kDZ1+arfiZ9WH0LRtbIttXLsTiTvONio+LQMbbhrGtBNyGgNBPMDPvU7BiF69ifol9ok0bWjAWXNtfaW04fukbsu/M3I+HouqVC59r9DtRk72kOHd+l1E+r341ilBfC3C7sGgcTtdYDuDlPh5pKSV5zA6gzO1cbA/qLQozQDBcYXIe63K5uumaC1QZUBks2LGP22s+yXNye771jewyuL8FbN6xW38eNTuomi+ho6dhbZzIwDxL7Wc48eHjxWzKljbCwVS6HEIiICIiAiIgIiICIiAiIgIiICIiDE0tQtnglhd7skb4z2PaW/FcY9k84ip62mlIa6J/SHaIaA6O0bsTvNrdwXW9ZtZKahh6apkDG5NGb3u+6xubj6b18wayaWbVVFRNGwxxyyF4ZfLm62F79bkTyUVbl9DUr8FmtK07UfS/7RSxSE9bZ2X/AJ2dV3mL962yJyw+Om+/amOUB+JxWNpitiaRtva3aIaNogXJyAvvV2rpg4h28LFl0aHHacb2yuBgo/hM3VzRcnXe3cAD43HwUhIsWkgay9szmd5V970nw/bDqVpetsd2O7Ct0qFq2sjLsd2FF9XfZRqzDNTGeTaLulc3A2BAazlfMnIrqkUYaA1oAAFgBkAtU9ldEYtHR3zc+R/cXkDyAW3Lokjj66tERFKoiIgIiICIiAiIgIiICIiAiIgKzW1TIo3yyHZYxrnuJ3NaLk+AV5cn9vmtTYqX9ijkHSzEdI0HrMiGPWAy2jsjmLoOMa560TaQqX1EpNr2jZuijv1WjnvJ3lR+jX4lvEYc/q6wHK9DJsuB5/3ULOheyfTojnfSvNmyHaZf74FnDvAH9K7LG/BfL9WSyQOaSCCHNI3HMEfWYXafZ7rh+1xbL8JWWD+DuDh22yWfc/bXjr9J/Tunnw9WOF8js8Bhb8xw81gy6y1LmjYpn3td3VwHfktikiDxxXnQv2dncs/bv48nhnEl59oWi03UHB9Mb8WuafG9rean2PO9Ux01typlNkY+Xrjq/wDiYonkULU05lcQBcNFzzJOyxna55a3vKvVtXZZeoTelnl2sm9G634uuG+GfaAp591l3651vGjaQRRRxDEMY1t+OyLX71koi6HIIiICIiAiIgIiICIiAiIgIiICs1lXHEx0kr2sY0Xc55DWtHEk5K8SuKe2fWtsT5KcDbkLNhl7lkTZQekkAy6S1mN4AvO9BE+0v2h1NTHemcYaLpXRteCWS1Lmi7nAYOEbfUi+OA5RM6/be9+PMq293E3tlfcOA8SjUSTNxNl4q2hNhQlkOO3HfezA/lOSkdUdMGlmDz/Ddg8cBucOYuoinl2TjkcCOIWVTWa7Zdi07+RH9lF+J5+vobRmkcASbtIBDuRyU9HVAjNc59mtTt03RuN9glo7AcFs01K5vuuI7CufcuOq8yp+WcKF0hWjIZqPk297ie9WxGl6TOcY85JzU37OZw2pkZ96O457Dh8HFQ04WHDWPglZMz3mG9txGRB5EEjvU8XLqO5sx2tFD6v6yQVbeo6zwOtG7Bzez7w5hS7nAC5NhzXS4seooar1qoojaSpjZja7nWZfhtnq+ay9HaZp5/4FRFL/AKUjJP8AiSmDOREQEREBERAREQEREHjjbEqLqNKEkhg/mO/sCaRmL3iIZDF3M5gfHwR0AOFlbMNR08xJ65J7Vyb2xatySPjqYxf/ACngbvuH1Hguu1dIQOI8woXSUPVsRttuDa1yLZG3L5KFo+YYIS51rfQzVezZzhwuPI/JdW1l1Wp6KOarjzd1I2nGz5bjC/AbR7lyhottHlbvOHz8EwpGFlVEVmtO52HeFYgbcjwWbXNsxo5/X1yVU/pGvCvRdZtt4y58lZecT9c1cgdbBEOney6rsS3j6jNdULLhcW9mdWBWtjNiH3ab+R5G4GP9j3N1OQMMvMdvz9L2WPfju7G/HkmZUVNTLGkgspktCx54li11rNWFhOhup2aiJNhmpXRmhgzrOz4/Lh2/oVrxzelO+5y1vRerUheHkllsQQSHNPaMitsrqd0g6znO7SSO4LLc9rcMuX1ksObSsYwuSeTXO7Mgunmfj8Y83rdxo/tDo9mkduu5gt/MDfyWgaBiEdTTyXPVmjdcYG2229iOVx3rpftFkLqR52Da7Bcgj7Y48SuX0Zdtswt1mnzC6Jdivnu9R9UwTte0OaQWnEEb1cWlapTTRe/YsdjYZg8beuK3CCoa8Xab+o7Queo6kl9LqIihUREQEREBY1fVCNhO/Jo4k5LJWt1lV0khd9hlw3nxKtxztGTo9mbjiScTxOZWWSvKaKzAN9rntOKOyU9Xaqre3BQtSzZO0fdyd81Msf1exaxrTpwU0MspZtBrSbEgXJsGjxIURMcs9rulg6dsTT1Ym4gZGR4F791h3lculfu71laUrXyvc55xJJPacSpmg1OmNLJWSjZia3abfN5JsAOG5Orq0iGpBd9vq9llaVkFmd5+A9ViURs+/afJW62faPIZKiVlozJXpfYL0HAKmOO5RDafZ4HmthLRc7V7bzbrHyC+k6eYO5HwIXDvZHo//EGYj3G2b2nBx+C7fTWIVotfi1VwWxHgMiOXy7FGuqAcAbncBipuexaQTcW/utZ0JTgTnMbLNnE3OBz5Z+QWd8ct0nksmJukow0XeRtcNwKuvcN7ld6JedCOXgtFWNZnC696S2TVk9H2eCpcxSnWn+0K5oZCfvR/+RuPmuUUU9pGhwt129lrhdg9oTCaCbH7hy3NkYVxynqGuLbjrAt8iFrx8Z9fXeNFP2mg8R6qTMe8Gx4jArCoIGhrbcFltj7VkvWdSaRthJ/V8+HapIFQDo/kr1DWGM7LvcJw/D+ihCaREUAiIgwdMz7EZ4u6o78/K6hqaK5Y3ibnsGJ8gszTzrvY3lfxP6KjR4vKfwt8z9Fbc+uRKFWbZhXm5K2/NZIYrDm1c49qdRZjKe9y87bvytuG37Tc2/Cuhym0g54LimulcZa2V18NosHIM6o9D4rXxz2rWt6v6uOqqhsIF7uu7k0Ym/1vW/e1epEFC2lbkbBvMNIv27hzueCmvZ3okQUz6pw60mXHYbwHM3PcFzDXTTTqqd8jsGtuxjc9kD45+JVe1+K0y1lZdmsiRt+z1VEUV1msRwkjJSOjKBz3BoF8RflfBexWa3kLk+nzXUPZbq0DGKl4xdYgH8x9MExMT+pWgTDELixtlwF1uMcICRR28/mrrcu4KytuhZh4+i0vUxrxPI5zrmUFzm2sWODgSDgPvW/kK3j5rW9BH/FTg8G27Oru+KmK36n2uVQevAPj6KkjDuULLl/rtVL/ANF4fiqXD4oIHXRt6Ko/0z4Aj5Lh92E813PWsf4Oov8A9l3mFw50IJWvj+KdfXfdDy7UbTusP0Uq367VD6ChIhZ+UKRdIAMVk0rK2gsOueLGy8u52QsOJw8syqKiIN5nHHu3BMVtkTOhK3pY8+s07Du0b+8WPepBaroOXo6i32ZW/wC9mXkbLalHUwERFAgdJC855NA+PxVeih/EdzA8B+qx3SbTnO4k27Mh5WWZo5to78ST52+C2vrnBlU5uF7KFaonZq/KMFkhEacm6NjpfuNLv6RdcMjgMsoGZJuee8/Fdu1t/wCkn/0n+hXMdSKHpHTP3ta0Dtef/TzW3H+apfrL1jqdItotoPZDA1mTR+8dtGwAO7A7rLk1SLlrRuBOPqe5fQuvtHegMbRfBmG87JBsO4LgGmISwuaRbj8B2ZLLppPiOmIsdnIZc8M1fhisPrMYqqOMdUd57Bu9FlU0JdJs2N3OAt4BVWZOreg5Kl7WhpLRYu3YXxxPh48F9AaDp2xQsZa2y0D6ssHVzQLIImsa0AkAuPErZW04tawVsxX81jaF8959F7fDuV4UjeHmfmvf2JvPxQ1S3PvC13RUWzVPdfB4vvFiABj4cuxbGKRnPxVbqNtt/iiFjf3n0S2HcFdbStORPl8lbkpyMneKJ2BGPefReFuHcqdiTiPH9FQ+J/EeJ3dyYbERrkLUdR+R3gBcrh2DhfeOGa7XrE1xpqgFwsIZMh+A7yVxB8ZBuN+a24npTqy19BaPa90bQBbqi53Zbt5Wc2JrcTieJ+HBW9BOvCw/hHosStqbuI52WS1uszpNrJYshuTyw+auwXDcMzkjo7Wbwz7VKrErmkBjxm1wI+u2y22lmD2NePtAH9FrldFdhHL0Ulq3NeMt+6fJ2PrdOv8AK0+JZERZpa1E07OAUpTstGBy9VrmltHGXorNY8NJvHISGOJtY4A4ix/qO64dXX6Bnc6EtlB6OERucXG7nbLwT7pcb7Qx2hl1trJad2icoT1is14WlU+g52ys/fhzI34Nc5/7yMClDWSm2JHRSG4OJay9w54WVBoCrbLG91Q14bK6RxvI3aDuhLuoS619mWwa4AbQGLbtVLUYltPUxkgkZ99jm+Isuf6iUz4xIHtLXdIGkOBFxbDA9hWzV2r0ribvDWl5L3B7y6djqqGYB7S2w2IWSRgYg7dsBcKEgJhe2mEzekdG7YJbcCUxR7L3O6Pr2l6c2JH8S5vkL89XMxFn9brWU/SZ5AeZ+vNc51n1MbUSOcOqXC/Ze9vIN810qhY8RNbI7afY3I5k2HcLC/JY1RQ7Rv2DuxSf03HI9EezOoL7yFobhiDc2HJdK0dqtTR7NoWFzbWcWgnDfftWwRQ2FlXsKDbVqKKyrVRC8sgBCV6qJCoHjMSr8gwVuFqvSDBBiQuxWS9twsOH3is1pQYbsCqZTcLImasZykazrEdmlqf9N3mLLjJ63auy65YUs/5PUgLjIjO0O0eq24+KO/6BOywN4BRwN3nkT6rN0e6yww3987gD471ksmKfAX37uQSNuN15GrrAg9lbgsfVuTZkLeLSO9ht6XWeWYKGpn7EwP3ZPJ1r/wDIqefcsWjb0Xi9WKUBB7zO1SqIte0Iz7fepU5IirSLFRkVzDWL/wDSpe0er0RX4V6dOZkFUURUS9CFEQUFeIiD1WpURBdiV2XJEQYFLmVltXqKaRQ9YsiIkGsa8/8ASTflb/zauPt99v5m+oRFtz8Udyos1Zd/Fd2/AL1FklJxZK5FmvURZlblr1X78n8q8RW8f1PLdURFgl//2Q==','9999999999','mewnich@bnk48.com',15000,'mewnich','mewnich','female',00000006,03,'ready',00000000011),(0000000142,'Gullit','Gulat','https://scontent.fbkk5-1.fna.fbcdn.net/v/t1.0-9/59564414_2606637322744496_6862246459169832960_n.jpg?_nc_cat=109&_nc_oc=AQmaLGl9XTO3KZeZ0cdXDwwfRwsYlt_4kofcOleK_8wxcpax6lh1hr6yeRBFYttgGA0&_nc_ht=scontent.fbkk5-1.fna&oh=7714379a88174040088419928e4cdb37&oe=5D8E948A','095666588','gul@gmail.com',13500,'gul','gul','male',00000001,92,'ready',00000000072),(0000000152,'Rondo','Ronny','https://forbesthailand.com/wp-content/uploads/2019/05/8-david-koch.jpg','0949365888','ron@gmail.com',13500,'ron','ron','male',00000002,92,'ready',00000000072),(0000000162,'Stacy','Susan','https://static.spacecrafted.com/b9fe5a757d2f4d928ac542424b4852a8/i/e44d6910dbf542a79925c3c93f46db03/1/4SoifmQp45JMgBnHm9g4L/about.jpg','0977778968','sta@gmail.com',15000,'sta','sta','female',00000004,03,'unready',00000000082),(0000000172,'Lucy','Mylie','https://encrypted-tbn0.gstatic.com/images?q=tbn:ANd9GcTyK_PgP0cdJNiRXMlWJ0LCVhDicwdJrAVX1xWnYxfRh0H4vd3T','0911116512','lucy@gmail.com',15000,'lucy','lucy','female',00000004,03,'unready',00000000082),(0000000182,'b','b','https://m.media-amazon.com/images/S/aplus-media/vc/103001be-0873-43f1-97d4-c0c2bb4655e1._SL300__.jpg','0123548965','keima2541@gmail.com',10000,'b','b','male',00000001,20,'ready',00000000022),(0000000192,'alice','alice','https://m.media-amazon.com/images/S/aplus-media/vc/103001be-0873-43f1-97d4-c0c2bb4655e1._SL300__.jpg','0123548965','Alice@gmail.com',10000,'alice','alice','female',00000001,20,'ready',00000000022),(0000000202,'Adam','Adam','https://pmcvariety.files.wordpress.com/2019/02/adam-lambert.jpg?w=1000','0123777777','adam@gmail.com',12000,'adam','adam','male',00000004,32,'ready',00000000032),(0000000212,'Ritte','Tu',NULL,'0356489546','asfasad@sdfa.com',27500,'t','t','male',00000001,162,'ready',00000000012),(0000000222,'Zusan','Zudab','https://www.kirkland.com/-/media/professionals/d/davies-susan-m-pc.jpg','038920511','zzzzzz@gmail.com',12000,'zzz','zzz','male',00000001,32,'ready',00000000092),(0000000232,'Jirat','jirat','https://encrypted-tbn0.gstatic.com/images?q=tbn:ANd9GcSB6G_pyovHL6rPuRSdi2bd4zFx7MOz6fc53Mjf6M5bcAE_dla9','0854625798','jirat@mail.com',12000,'jirat','jirat','male',00000001,32,'ready',00000000082),(0000000242,'Scalet','Scalet','http://rosensack.com/wp-content/uploads/2016/11/Susan.jpg','025478469','scalet@mail.com',13500,'scalet','scalet','female',00000005,92,'ready',00000000042);
/*!40000 ALTER TABLE `employee` ENABLE KEYS */;
UNLOCK TABLES;

--
-- Table structure for table `item`
--

DROP TABLE IF EXISTS `item`;
/*!40101 SET @saved_cs_client     = @@character_set_client */;
/*!40101 SET character_set_client = utf8 */;
CREATE TABLE `item` (
  `itemID` int(15) unsigned zerofill NOT NULL AUTO_INCREMENT,
  `itemName` varchar(50) NOT NULL,
  `categoryID` int(8) unsigned zerofill NOT NULL,
  `weight` float NOT NULL,
  `area` float NOT NULL,
  `supplierID` int(8) unsigned zerofill NOT NULL,
  PRIMARY KEY (`itemID`),
  UNIQUE KEY `itemName_UNIQUE` (`itemName`),
  UNIQUE KEY `itemID_UNIQUE` (`itemID`),
  KEY `item_fk_2_idx` (`categoryID`),
  KEY `item_fk_supplier` (`supplierID`),
  CONSTRAINT `item_fk_category` FOREIGN KEY (`categoryID`) REFERENCES `category` (`categoryID`) ON DELETE NO ACTION ON UPDATE NO ACTION,
  CONSTRAINT `item_fk_supplier` FOREIGN KEY (`supplierID`) REFERENCES `supplier` (`supplierID`)
) ENGINE=InnoDB AUTO_INCREMENT=1883 DEFAULT CHARSET=utf8;
/*!40101 SET character_set_client = @saved_cs_client */;

--
-- Dumping data for table `item`
--

LOCK TABLES `item` WRITE;
/*!40000 ALTER TABLE `item` DISABLE KEYS */;
INSERT INTO `item` VALUES (000000000000001,'Sofa2',00000192,84,4,00000002),(000000000000002,'Porky',00000042,1,0.1,00000001),(000000000000003,'Pan',00000172,10,1,00000003),(000000000000004,'Pot',00000172,19,2,00000003),(000000000000005,'Addidas2',00000142,1,20,00000004),(000000000000006,'Parasetamoler',00000062,5,2.1,00000005),(000000000000007,'ยาธาตูน้ำขาวข้น',00000062,14,2,00000005),(000000000000008,'Legogo',00000072,50,1,00000006),(000000000000009,'HM Shirt',00000182,0.5,0.1,00000007),(000000000000010,'MTD Lipstick',00000152,0.8,0.15,00000008),(000000000000011,'HM Jean',00000182,0.75,0.2,00000007),(000000000000012,'HM Coat',00000182,0.75,0.2,00000007),(000000000000013,'Nike Mercurial',00000142,0.4,0.09,00000004),(000000000000014,'Nike Football',00000142,0.6,0.1,00000004),(000000000000015,'bedsy',00000192,150,4,00000002),(000000000000016,'Egg',00000042,1.1,0.09,00000001),(000000000000017,'Robot Lego555',00000072,55,0.25,00000006),(000000000000018,'Hamberger',00000052,0.2,0.1,00000001),(000000000000019,'Lotion MTD',00000152,2.5,0.8,00000008),(000000000000020,'HM Glasses',00000182,0.05,0.1,00000007),(000000000000021,'HM hat',00000182,0.75,0.75,00000007),(000000000000022,'HM Skirt',00000182,0.5,0.08,00000007),(000000000000023,'Nike Tennis',00000142,0.6,0.2,00000004),(000000000000024,'Index dinner table',00000192,70,1.1,00000002),(000000000000025,'Index armchair',00000192,80,1.2,00000002),(000000000000026,'Animal Lego',00000072,2,0.3,00000006),(000000000000027,'Powder MTD',00000052,0.1,0.25,00000008),(000000000000028,'Eye liner MTD',00000152,0.05,0.01,00000008),(000000000001142,'Sausage',00000052,100,8,00000001),(000000000001152,'Sausage - BigBike',00000052,125,8.5,00000001),(000000000001162,'Lego Batman Full',00000072,20,10,00000002),(000000000001192,'asdf1',00000152,12,12,00000002),(000000000001212,'asdfjalsnblasndlbnaslkdbnldfnb',00000152,12,54,00000002),(000000000001242,'asdfasdf',00000152,1,0.2,00000001),(000000000001282,'Sofa 252',00000152,12,12,00000002),(000000000001362,'TYUOOOKK',00000152,0.5,2.1,00000001),(000000000001402,'Neww',00000152,14,15,00000002),(000000000001432,'asd',00000152,12,4,00000002),(000000000001482,'Fix tool',00000172,1,0.5,00000006),(000000000001492,'hotice',00000052,2,2,00000008),(000000000001512,'hotice2',00000052,1,1,00000004),(000000000001522,'hotice23',00000052,1,2,00000007),(000000000001532,'hotice3',00000042,10,1,00000004),(000000000001542,'Icecreamy',00000042,5,0.6,00000008),(000000000001562,'icegh',00000152,1,25,00000002),(000000000001572,'icegA',00000052,10,1,00000006),(000000000001582,'iceg3',00000042,4,1,00000004),(000000000001592,'iop',00000152,2,5,00000003),(000000000001742,'Sausage235',00000052,100,8,00000001),(000000000001752,'Sausage - BigBike4',00000052,120,8.5,00000001),(000000000001762,'Lego Batman Full25',00000072,20,10,00000002),(000000000001772,'yuimmmm',00000042,15,12,00000004),(000000000001782,'tyuui',00000152,159,23,00000003),(000000000001822,'ss',00000052,12,1,00000003),(000000000001842,'lactasoy',00000052,6,12,00000001),(000000000001862,'eggs duck',00000042,6,12,00000001),(000000000001872,'banana',00000042,2,12,00000001),(000000000001882,'toyorrri',00000192,2,4,00000003);
/*!40000 ALTER TABLE `item` ENABLE KEYS */;
UNLOCK TABLES;

--
-- Table structure for table `location`
--

DROP TABLE IF EXISTS `location`;
/*!40101 SET @saved_cs_client     = @@character_set_client */;
/*!40101 SET character_set_client = utf8 */;
CREATE TABLE `location` (
  `locationID` int(10) unsigned zerofill NOT NULL AUTO_INCREMENT,
  `stockID` int(8) unsigned zerofill NOT NULL,
  `maxArea` float NOT NULL,
  `locationName` varchar(50) NOT NULL,
  PRIMARY KEY (`locationID`),
  UNIQUE KEY `locationName_UNIQUE` (`locationName`),
  KEY `location_fk_stock` (`stockID`),
  CONSTRAINT `location_fk_stock` FOREIGN KEY (`stockID`) REFERENCES `stock` (`stockID`)
) ENGINE=InnoDB AUTO_INCREMENT=173 DEFAULT CHARSET=utf8;
/*!40101 SET character_set_client = @saved_cs_client */;

--
-- Dumping data for table `location`
--

LOCK TABLES `location` WRITE;
/*!40000 ALTER TABLE `location` DISABLE KEYS */;
INSERT INTO `location` VALUES (0000000001,00000001,10000,'บางมด'),(0000000002,00000001,5000,'บางแค'),(0000000003,00000002,7500,'สองพี่น้อง'),(0000000004,00000002,8000,'เดิมบางนางบวช'),(0000000005,00000004,4500,'พัทยา'),(0000000006,00000004,5500,'ศรีราชา'),(0000000007,00000004,3500,'บางเเสน'),(0000000008,00000010,3000,'เมืองภูเก็ต'),(0000000009,00000005,6000,'หาดใหญ่'),(0000000010,00000008,8000,'บางระกำ'),(0000000011,00000003,12000,'บ้านโป่ง'),(0000000012,00000006,35000,'ปากช่อง'),(0000000013,00000007,24000,'ชุมเเพ'),(0000000014,00000009,15000,'เเม่ริม'),(0000000015,00000008,9000,'พรหมพิราม'),(0000000162,00000112,1500,'Brixton ');
/*!40000 ALTER TABLE `location` ENABLE KEYS */;
UNLOCK TABLES;

--
-- Table structure for table `orderdetail`
--

DROP TABLE IF EXISTS `orderdetail`;
/*!40101 SET @saved_cs_client     = @@character_set_client */;
/*!40101 SET character_set_client = utf8 */;
CREATE TABLE `orderdetail` (
  `orderDetailID` int(10) unsigned zerofill NOT NULL AUTO_INCREMENT,
  `locationID` int(8) unsigned zerofill DEFAULT NULL,
  `orderID` int(10) unsigned zerofill NOT NULL,
  `itemID` int(15) unsigned zerofill NOT NULL,
  `itemCount` int(11) NOT NULL,
  `status` varchar(15) NOT NULL DEFAULT 'wait',
  `shippingID` int(8) unsigned zerofill DEFAULT NULL,
  PRIMARY KEY (`orderDetailID`),
  KEY `orderDetail_fk_location` (`locationID`),
  KEY `orderDetail_fk_ordermain` (`orderID`),
  KEY `orderDetail_fk_item` (`itemID`),
  KEY `orderDetail_fk_shipping` (`shippingID`),
  CONSTRAINT `orderDetail_fk_shipping` FOREIGN KEY (`shippingID`) REFERENCES `shipping` (`shippingID`) ON DELETE SET NULL ON UPDATE SET NULL,
  CONSTRAINT `orderDetail_fk_item` FOREIGN KEY (`itemID`) REFERENCES `item` (`itemID`),
  CONSTRAINT `orderDetail_fk_location` FOREIGN KEY (`locationID`) REFERENCES `location` (`locationID`),
  CONSTRAINT `orderDetail_fk_ordermain` FOREIGN KEY (`orderID`) REFERENCES `ordermain` (`orderID`) ON DELETE CASCADE ON UPDATE CASCADE
) ENGINE=InnoDB AUTO_INCREMENT=1463 DEFAULT CHARSET=utf8;
/*!40101 SET character_set_client = @saved_cs_client */;

--
-- Dumping data for table `orderdetail`
--

LOCK TABLES `orderdetail` WRITE;
/*!40000 ALTER TABLE `orderdetail` DISABLE KEYS */;
INSERT INTO `orderdetail` VALUES (0000000003,00000001,0000000002,000000000000001,20,'shipping',NULL),(0000000004,00000001,0000000002,000000000000001,20,'shipping',00000002),(0000000005,00000001,0000000002,000000000000001,20,'done',00000002),(0000000008,00000009,0000000002,000000000000001,50,'shipping',00000002),(0000000009,00000009,0000000002,000000000000001,50,'shipping',NULL),(0000000010,00000009,0000000002,000000000000001,50,'done',NULL),(0000000011,00000001,0000000005,000000000000011,100,'wait',NULL),(0000000012,00000001,0000000005,000000000000012,100,'wait',NULL),(0000000013,00000001,0000000005,000000000000020,100,'wait',NULL),(0000000014,00000001,0000000005,000000000000021,100,'wait',NULL),(0000000015,00000001,0000000005,000000000000022,100,'wait',NULL),(0000000016,00000001,0000000005,000000000000011,100,'done',NULL),(0000000017,00000001,0000000005,000000000000012,100,'done',NULL),(0000000018,00000001,0000000005,000000000000020,100,'done',NULL),(0000000019,00000001,0000000005,000000000000021,100,'done',NULL),(0000000020,00000001,0000000005,000000000000022,100,'done',NULL),(0000000021,00000001,0000000009,000000000000011,100,'shipping',NULL),(0000000022,00000001,0000000009,000000000000012,100,'shipping',NULL),(0000000023,00000001,0000000009,000000000000020,100,'shipping',NULL),(0000000024,00000001,0000000009,000000000000021,100,'wait',NULL),(0000000025,00000001,0000000009,000000000000022,100,'wait',NULL),(0000000026,00000001,0000000009,000000000000011,100,'done',00000001),(0000000027,00000001,0000000009,000000000000012,100,'done',00000001),(0000000028,00000001,0000000009,000000000000020,100,'wait',NULL),(0000000029,00000001,0000000009,000000000000021,100,'done',00000001),(0000000030,00000001,0000000009,000000000000022,100,'done',00000001),(0000000031,00000001,0000000009,000000000000011,100,'done',00000001),(0000000032,00000001,0000000009,000000000000012,100,'done',00000001),(0000000033,00000001,0000000009,000000000000020,100,'done',00000001),(0000000034,00000001,0000000009,000000000000021,100,'done',00000001),(0000000035,00000001,0000000009,000000000000022,100,'done',00000001),(0000000082,00000003,0000000007,000000000000006,13,'wait',NULL),(0000000092,00000003,0000000007,000000000000006,13,'wait',NULL),(0000000102,00000007,0000000008,000000000000006,13,'wait',NULL),(0000000112,00000009,0000000006,000000000000004,2,'wait',NULL),(0000000122,00000008,0000000006,000000000000004,2,'wait',NULL),(0000000132,00000008,0000000006,000000000000004,2,'wait',NULL),(0000000142,00000009,0000000006,000000000000004,2,'wait',NULL),(0000000143,00000008,0000000006,000000000000004,2,'wait',NULL),(0000000144,00000008,0000000006,000000000000004,2,'wait',NULL),(0000000145,00000009,0000000006,000000000000004,2,'wait',NULL),(0000000146,00000008,0000000006,000000000000004,2,'wait',NULL),(0000000147,00000008,0000000006,000000000000004,2,'wait',NULL),(0000000182,00000001,0000001072,000000000000001,10,'wait',NULL),(0000000192,00000001,0000001072,000000000000002,15,'wait',NULL),(0000000202,00000003,0000001072,000000000001142,20,'wait',NULL),(0000000212,00000003,0000001072,000000000001152,30,'wait',NULL),(0000000222,00000003,0000001072,000000000001162,5,'wait',NULL),(0000000232,00000001,0000001082,000000000000001,-10,'wait',NULL),(0000000242,00000001,0000001082,000000000000002,-15,'wait',NULL),(0000000252,00000001,0000001092,000000000000001,-10,'shipping',NULL),(0000000262,00000001,0000001092,000000000000002,-15,'shipping',NULL),(0000000272,00000001,0000001102,000000000000001,-10,'wait',NULL),(0000000282,00000001,0000001102,000000000000002,-15,'wait',NULL),(0000000312,00000001,0000001122,000000000000001,-10,'wait',NULL),(0000000322,00000001,0000001122,000000000000002,-15,'wait',NULL),(0000000332,00000001,0000001172,000000000000001,10,'wait',NULL),(0000000342,00000001,0000001172,000000000000002,15,'wait',NULL),(0000000352,00000001,0000001182,000000000000001,10,'wait',NULL),(0000000362,00000001,0000001182,000000000000002,15,'wait',NULL),(0000000372,00000001,0000001192,000000000000001,10,'wait',NULL),(0000000382,00000001,0000001192,000000000000002,15,'wait',NULL),(0000000392,00000001,0000001212,000000000000001,10,'wait',NULL),(0000000402,00000001,0000001222,000000000000001,10,'wait',NULL),(0000000412,00000001,0000001242,000000000000001,120,'wait',NULL),(0000000422,00000001,0000001252,000000000000001,-90,'wait',NULL),(0000000432,00000009,0000001252,000000000000001,-50,'wait',NULL),(0000000442,00000009,0000001262,000000000000001,200,'wait',NULL),(0000000462,00000002,0000001292,000000000000001,50,'wait',NULL),(0000000472,00000003,0000001302,000000000000007,123,'wait',NULL),(0000000482,00000001,0000001332,000000000000001,110,'done',00000152),(0000000492,00000007,0000001332,000000000000006,13,'done',00000152),(0000000502,00000001,0000001342,000000000000001,10,'wait',NULL),(0000000512,00000004,0000001352,000000000000002,10,'wait',NULL),(0000000522,00000001,0000002232,000000000000001,10,'wait',NULL),(0000000532,00000001,0000002292,000000000000002,10,'wait',NULL),(0000000632,00000001,0000002392,000000000000001,10,'wait',NULL),(0000000642,00000001,0000002402,000000000000001,10,'wait',NULL),(0000000652,00000001,0000002402,000000000001192,10,'wait',NULL),(0000000672,00000001,0000002422,000000000000001,10,'wait',NULL),(0000000682,00000002,0000002422,000000000001212,15,'wait',NULL),(0000000702,00000001,0000002442,000000000000001,10,'wait',NULL),(0000000722,00000001,0000002472,000000000000001,12,'wait',NULL),(0000000732,00000001,0000002472,000000000001242,12,'wait',NULL),(0000000772,00000001,0000002512,000000000000001,12,'wait',NULL),(0000000782,00000001,0000002512,000000000001282,10,'wait',NULL),(0000000862,00000001,0000002592,000000000000001,12,'wait',NULL),(0000000872,00000001,0000002592,000000000001362,10,'wait',NULL),(0000000912,00000001,0000002632,000000000000001,12,'wait',NULL),(0000000922,00000001,0000002632,000000000001402,10,'wait',NULL),(0000000952,00000004,0000002662,000000000000001,5,'wait',NULL),(0000000962,00000001,0000002662,000000000001432,10,'wait',NULL),(0000001012,00000001,0000002712,000000000000001,10,'wait',NULL),(0000001022,00000001,0000002712,000000000001482,10,'wait',NULL),(0000001052,00000004,0000002742,000000000000005,20,'wait',NULL),(0000001062,00000001,0000002742,000000000001512,10,'wait',NULL),(0000001072,00000001,0000002752,000000000000002,10,'wait',NULL),(0000001082,00000001,0000002752,000000000001522,10,'wait',NULL),(0000001092,00000001,0000002762,000000000000003,7,'wait',NULL),(0000001102,00000011,0000002762,000000000001532,10,'wait',NULL),(0000001122,00000001,0000002792,000000000000002,10,'wait',NULL),(0000001132,00000001,0000002792,000000000001562,10,'wait',NULL),(0000001142,00000001,0000002802,000000000000006,12,'wait',NULL),(0000001152,00000007,0000002802,000000000001572,10,'wait',NULL),(0000001162,00000007,0000002812,000000000000006,10,'wait',NULL),(0000001172,00000007,0000002812,000000000001582,5,'wait',NULL),(0000001182,00000008,0000002822,000000000001592,44,'wait',NULL),(0000001192,00000002,0000002852,000000000000001,-23,'wait',NULL),(0000001202,00000001,0000002862,000000000000001,23,'wait',NULL),(0000001212,00000001,0000002872,000000000000001,10,'wait',NULL),(0000001222,00000001,0000002872,000000000000002,15,'wait',NULL),(0000001232,00000001,0000002882,000000000000001,10,'wait',NULL),(0000001242,00000001,0000002882,000000000000002,15,'wait',NULL),(0000001252,00000001,0000002892,000000000000001,10,'wait',NULL),(0000001262,00000001,0000002892,000000000000002,15,'wait',NULL),(0000001292,00000001,0000002912,000000000000001,10,'wait',NULL),(0000001302,00000001,0000002912,000000000000002,15,'wait',NULL),(0000001312,00000003,0000002912,000000000001742,20,'wait',NULL),(0000001322,00000003,0000002912,000000000001752,30,'wait',NULL),(0000001332,00000003,0000002912,000000000001762,5,'wait',NULL),(0000001342,00000001,0000002922,000000000000002,10,'wait',NULL),(0000001352,00000002,0000002922,000000000001772,2,'wait',NULL),(0000001362,00000001,0000002932,000000000001782,2,'wait',NULL),(0000001372,00000001,0000002972,000000000001822,5,'wait',NULL),(0000001382,00000001,0000002992,000000000001842,10,'wait',NULL),(0000001392,00000001,0000003002,000000000000001,5,'wait',NULL),(0000001402,00000004,0000003022,000000000000001,100,'wait',NULL),(0000001412,00000001,0000003022,000000000001862,50,'wait',NULL),(0000001422,00000012,0000003032,000000000000008,230,'wait',NULL),(0000001432,00000011,0000003032,000000000001872,103,'wait',NULL),(0000001442,00000006,0000003042,000000000001882,45,'wait',NULL),(0000001452,00000001,0000003042,000000000000012,12,'wait',NULL),(0000001462,00000002,0000003052,000000000000001,-6,'wait',NULL);
/*!40000 ALTER TABLE `orderdetail` ENABLE KEYS */;
UNLOCK TABLES;

--
-- Table structure for table `ordermain`
--

DROP TABLE IF EXISTS `ordermain`;
/*!40101 SET @saved_cs_client     = @@character_set_client */;
/*!40101 SET character_set_client = utf8 */;
CREATE TABLE `ordermain` (
  `orderID` int(10) unsigned zerofill NOT NULL AUTO_INCREMENT,
  `createAt` timestamp NOT NULL DEFAULT CURRENT_TIMESTAMP,
  `orderType` text NOT NULL,
  `shopID` int(8) unsigned zerofill DEFAULT NULL,
  PRIMARY KEY (`orderID`),
  KEY `shopID_idx` (`shopID`),
  CONSTRAINT `order_fk_1` FOREIGN KEY (`shopID`) REFERENCES `shop` (`shopID`) ON DELETE NO ACTION ON UPDATE NO ACTION
) ENGINE=InnoDB AUTO_INCREMENT=3053 DEFAULT CHARSET=utf8;
/*!40101 SET character_set_client = @saved_cs_client */;

--
-- Dumping data for table `ordermain`
--

LOCK TABLES `ordermain` WRITE;
/*!40000 ALTER TABLE `ordermain` DISABLE KEYS */;
INSERT INTO `ordermain` VALUES (0000000002,'2019-01-20 00:00:00','out',00000003),(0000000004,'2019-01-20 00:00:00','out',00000006),(0000000005,'2019-01-23 08:56:00','in',NULL),(0000000006,'2019-01-23 08:57:00','in',NULL),(0000000007,'2019-01-23 08:58:00','in',NULL),(0000000008,'2019-01-23 09:10:00','in',NULL),(0000000009,'2019-01-23 09:30:00','out',00000001),(0000000010,'2019-01-23 10:05:00','out',00000001),(0000000011,'2019-01-23 10:10:00','out',00000001),(0000000012,'2019-01-23 10:58:00','out',00000001),(0000000822,'2019-05-28 19:37:34','in',NULL),(0000000832,'2019-05-28 19:38:24','in',NULL),(0000000862,'2019-05-28 20:03:13','in',NULL),(0000000872,'2019-05-28 20:04:07','in',NULL),(0000000882,'2019-05-28 20:07:02','in',NULL),(0000000912,'2019-05-28 20:11:12','in',NULL),(0000000942,'2019-05-28 20:15:16','in',NULL),(0000000952,'2019-05-28 20:17:35','in',NULL),(0000000962,'2019-05-28 20:19:48','in',NULL),(0000000972,'2019-05-28 20:20:34','in',NULL),(0000000982,'2019-05-28 21:01:38','in',NULL),(0000001072,'2019-05-28 21:37:25','in',NULL),(0000001082,'2019-05-29 02:42:53','out',00000006),(0000001092,'2019-05-29 02:47:53','out',00000006),(0000001102,'2019-05-29 02:51:29','out',00000006),(0000001122,'2019-05-29 02:59:17','out',00000042),(0000001142,'2019-05-29 11:58:54','in',NULL),(0000001152,'2019-05-29 12:00:06','in',NULL),(0000001162,'2019-05-29 12:46:26','in',NULL),(0000001172,'2019-05-29 12:50:57','in',NULL),(0000001182,'2019-05-29 12:52:33','in',NULL),(0000001192,'2019-05-29 12:54:25','in',NULL),(0000001202,'2019-05-29 12:58:39','in',NULL),(0000001212,'2019-05-29 18:15:50','in',NULL),(0000001222,'2019-05-29 18:16:04','in',NULL),(0000001232,'2019-05-29 19:06:29','in',NULL),(0000001242,'2019-05-29 19:14:30','out',NULL),(0000001252,'2019-05-29 19:48:03','out',NULL),(0000001262,'2019-05-29 19:56:37','out',00000062),(0000001292,'2019-05-30 00:35:25','in',NULL),(0000001302,'2019-05-30 00:39:33','in',NULL),(0000001312,'2019-05-30 00:40:43','in',NULL),(0000001322,'2019-05-30 00:43:42','in',NULL),(0000001332,'2019-05-30 00:45:49','out',00000072),(0000001342,'2019-05-30 01:05:37','in',NULL),(0000001352,'2019-05-30 01:06:35','in',NULL),(0000001532,'2019-05-30 01:37:08','in',NULL),(0000002232,'2019-05-30 01:56:51','in',NULL),(0000002242,'2019-05-30 01:57:05','in',NULL),(0000002262,'2019-05-30 01:58:15','in',NULL),(0000002282,'2019-05-30 02:01:05','in',NULL),(0000002292,'2019-05-30 02:02:29','in',NULL),(0000002392,'2019-05-30 02:16:10','in',NULL),(0000002402,'2019-05-30 02:16:21','in',NULL),(0000002422,'2019-05-30 02:17:14','in',NULL),(0000002442,'2019-05-30 02:17:57','in',NULL),(0000002472,'2019-05-30 02:18:41','in',NULL),(0000002512,'2019-05-30 02:19:29','in',NULL),(0000002592,'2019-05-30 02:24:28','in',NULL),(0000002632,'2019-05-30 02:29:46','in',NULL),(0000002662,'2019-05-30 02:32:09','in',NULL),(0000002712,'2019-05-30 02:36:54','in',NULL),(0000002742,'2019-05-30 02:40:04','in',NULL),(0000002752,'2019-05-30 02:41:33','in',NULL),(0000002762,'2019-05-30 02:42:20','in',NULL),(0000002792,'2019-05-30 02:45:08','in',NULL),(0000002802,'2019-05-30 02:45:55','in',NULL),(0000002812,'2019-05-30 02:47:00','in',NULL),(0000002822,'2019-05-30 02:47:34','in',NULL),(0000002852,'2019-05-30 03:10:29','out',NULL),(0000002862,'2019-05-30 03:11:35','in',NULL),(0000002872,'2019-05-30 03:11:46','in',NULL),(0000002882,'2019-05-30 03:12:45','in',NULL),(0000002892,'2019-05-30 03:14:57','in',NULL),(0000002912,'2019-05-30 03:17:43','in',NULL),(0000002922,'2019-05-30 03:18:38','in',NULL),(0000002932,'2019-05-30 03:19:06','in',NULL),(0000002972,'2019-05-30 03:20:44','in',NULL),(0000002992,'2019-05-30 03:21:35','in',NULL),(0000003002,'2019-05-30 03:22:05','in',NULL),(0000003022,'2019-05-30 03:23:12','in',NULL),(0000003032,'2019-05-30 03:27:13','in',NULL),(0000003042,'2019-05-30 03:37:40','in',NULL),(0000003052,'2019-05-30 03:39:25','out',NULL);
/*!40000 ALTER TABLE `ordermain` ENABLE KEYS */;
UNLOCK TABLES;

--
-- Table structure for table `position`
--

DROP TABLE IF EXISTS `position`;
/*!40101 SET @saved_cs_client     = @@character_set_client */;
/*!40101 SET character_set_client = utf8 */;
CREATE TABLE `position` (
  `positionID` int(2) unsigned zerofill NOT NULL AUTO_INCREMENT,
  `positionName` varchar(50) NOT NULL,
  `positionSpecific` varchar(100) DEFAULT NULL,
  PRIMARY KEY (`positionID`)
) ENGINE=InnoDB AUTO_INCREMENT=173 DEFAULT CHARSET=utf8;
/*!40101 SET character_set_client = @saved_cs_client */;

--
-- Dumping data for table `position`
--

LOCK TABLES `position` WRITE;
/*!40000 ALTER TABLE `position` DISABLE KEYS */;
INSERT INTO `position` VALUES (02,'manager','manager'),(03,'driver','driver'),(12,'staff','staff'),(20,'staff','transporter'),(32,'staff','security'),(92,'staff','housekeeper'),(152,'staff','reception'),(162,'staff','mechanic'),(172,'manager','manager');
/*!40000 ALTER TABLE `position` ENABLE KEYS */;
UNLOCK TABLES;

--
-- Table structure for table `shipping`
--

DROP TABLE IF EXISTS `shipping`;
/*!40101 SET @saved_cs_client     = @@character_set_client */;
/*!40101 SET character_set_client = utf8 */;
CREATE TABLE `shipping` (
  `shippingID` int(8) unsigned zerofill NOT NULL AUTO_INCREMENT,
  `carID` int(8) unsigned zerofill NOT NULL,
  `employeeID` int(10) unsigned zerofill NOT NULL,
  `shippingDate` timestamp NOT NULL DEFAULT CURRENT_TIMESTAMP ON UPDATE CURRENT_TIMESTAMP,
  PRIMARY KEY (`shippingID`),
  KEY `shipping_fk_car` (`carID`),
  KEY `shipping_fk_employee` (`employeeID`),
  CONSTRAINT `shipping_fk_car` FOREIGN KEY (`carID`) REFERENCES `car` (`carID`),
  CONSTRAINT `shipping_fk_employee` FOREIGN KEY (`employeeID`) REFERENCES `employee` (`employeeID`)
) ENGINE=InnoDB AUTO_INCREMENT=163 DEFAULT CHARSET=utf8;
/*!40101 SET character_set_client = @saved_cs_client */;

--
-- Dumping data for table `shipping`
--

LOCK TABLES `shipping` WRITE;
/*!40000 ALTER TABLE `shipping` DISABLE KEYS */;
INSERT INTO `shipping` VALUES (00000001,00000015,0000000122,'2019-05-30 03:42:05'),(00000002,00000192,0000000162,'2019-05-29 03:13:50'),(00000003,00000012,0000000016,'2019-01-23 09:00:10'),(00000004,00000017,0000000002,'2019-01-24 07:58:10'),(00000005,00000011,0000000002,'2019-01-24 08:59:00'),(00000006,00000011,0000000002,'2019-01-24 09:10:00'),(00000011,00000098,0000000002,'0000-00-00 00:00:00'),(00000022,00000010,0000000016,'2019-05-28 09:08:53'),(00000032,00000010,0000000016,'2019-05-28 09:10:42'),(00000132,00000010,0000000112,'2019-05-28 18:11:53'),(00000142,00000010,0000000112,'2019-05-28 20:13:19'),(00000152,00000322,0000000112,'2019-05-30 00:48:48'),(00000162,00000011,0000000172,'2019-05-30 03:40:55');
/*!40000 ALTER TABLE `shipping` ENABLE KEYS */;
UNLOCK TABLES;

--
-- Table structure for table `shop`
--

DROP TABLE IF EXISTS `shop`;
/*!40101 SET @saved_cs_client     = @@character_set_client */;
/*!40101 SET character_set_client = utf8 */;
CREATE TABLE `shop` (
  `shopID` int(8) unsigned zerofill NOT NULL AUTO_INCREMENT,
  `shopName` varchar(50) NOT NULL,
  `shopAddress` text NOT NULL,
  `shopSubDistrict` text NOT NULL,
  `shopDistrict` text,
  `shopProvince` text,
  `shopPostalCode` text,
  `shopPhone` varchar(15) DEFAULT NULL,
  PRIMARY KEY (`shopID`),
  UNIQUE KEY `shopName_UNIQUE` (`shopName`)
) ENGINE=InnoDB AUTO_INCREMENT=73 DEFAULT CHARSET=utf8;
/*!40101 SET character_set_client = @saved_cs_client */;

--
-- Dumping data for table `shop`
--

LOCK TABLES `shop` WRITE;
/*!40000 ALTER TABLE `shop` DISABLE KEYS */;
INSERT INTO `shop` VALUES (00000001,'Central Plaseed','160 ถนนพระรามที่ 2','แสมดำ','บางขุนเทียน','กรุงเทพมหานคร','10150','028664300'),(00000003,'Bobby shop','15 ดอนดิน','บ้านโนน','โนนใหญ่','นครราชสีมา','20165','021315135'),(00000004,'โชว์ห่วยเจ๊หน่อย','16 บ้านบาง','บางปู','บางตัว','ขอนเเก่น','76598','034589644'),(00000005,'สมชายขายทุกอย่าง ','65 บ.เจดี','ดีเจ','แดนไกล','สุพรรณบุรี','30111','045669855'),(00000006,'ป้าศรีขายหอย','6 บ้านทะเล','ทะเลสวย','ทะเลใหญ่','สงขลา','56235','058996548'),(00000012,'Minimart','145 ลุมพินี45','คลองจั่น','บางกะปิ','กรุงเทพมหานคร','10240','021452369'),(00000022,'Testo lotud express','198 รัชกา58','รัชดา','รัชดา','กรุงเทพมหานคร','10586','029876584'),(00000042,'Dioro','145/896 Bangmod','คลองจั่น','บางกะปิ','กรุงเทพมหานคร','10240','0254896541'),(00000052,'Central Plaseed2','160 ถนนพระรามที่ 2','แสมดำ','บางขุนเทียน','กรุงเทพมหานคร','10150','028664300'),(00000062,'ลุงอำนวยตกแต่ง','145','หนองค้างวัน','หนองค้างคืน','กรุงเทพมหานคร','10160','020202020'),(00000072,'sa','sasa','sa','s','sa','111','1255655');
/*!40000 ALTER TABLE `shop` ENABLE KEYS */;
UNLOCK TABLES;

--
-- Table structure for table `stock`
--

DROP TABLE IF EXISTS `stock`;
/*!40101 SET @saved_cs_client     = @@character_set_client */;
/*!40101 SET character_set_client = utf8 */;
CREATE TABLE `stock` (
  `stockID` int(8) unsigned zerofill NOT NULL AUTO_INCREMENT,
  `stockName` varchar(50) NOT NULL,
  PRIMARY KEY (`stockID`),
  UNIQUE KEY `stockName_UNIQUE` (`stockName`)
) ENGINE=InnoDB AUTO_INCREMENT=123 DEFAULT CHARSET=utf8;
/*!40101 SET character_set_client = @saved_cs_client */;

--
-- Dumping data for table `stock`
--

LOCK TABLES `stock` WRITE;
/*!40000 ALTER TABLE `stock` DISABLE KEYS */;
INSERT INTO `stock` VALUES (00000001,'Bangkok'),(00000009,'Chiangmai'),(00000004,'Chonburi'),(00000007,'Khonkaen'),(00000112,'London'),(00000006,'Nakornratchasima'),(00000008,'Phisanulok'),(00000010,'Phuket'),(00000003,'Ratchaburi'),(00000005,'Songkla'),(00000002,'Suphanburi');
/*!40000 ALTER TABLE `stock` ENABLE KEYS */;
UNLOCK TABLES;

--
-- Table structure for table `supplier`
--

DROP TABLE IF EXISTS `supplier`;
/*!40101 SET @saved_cs_client     = @@character_set_client */;
/*!40101 SET character_set_client = utf8 */;
CREATE TABLE `supplier` (
  `supplierID` int(8) unsigned zerofill NOT NULL AUTO_INCREMENT,
  `supplierName` varchar(50) NOT NULL,
  `supplierAddress` text,
  `supplierPhone` text,
  `supplierEmail` text NOT NULL,
  PRIMARY KEY (`supplierID`),
  UNIQUE KEY `supplierName_UNIQUE` (`supplierName`)
) ENGINE=InnoDB AUTO_INCREMENT=103 DEFAULT CHARSET=utf8;
/*!40101 SET character_set_client = @saved_cs_client */;

--
-- Dumping data for table `supplier`
--

LOCK TABLES `supplier` WRITE;
/*!40000 ALTER TABLE `supplier` DISABLE KEYS */;
INSERT INTO `supplier` VALUES (00000001,'CP2','7/8 เขต บางรุก เเขวง บางรุก กรุงเทพฯ 10106','028896565','cp@mail.com'),(00000002,'Index','9/8 เขต บางเเค เเขวง บางเเค กรุงเทพฯ 10156','025587979','index@mail.com'),(00000003,'Bonthaworn','56 ถ.บรมราชนนี เขต ทวีวัฒนา เเขวง ศาลาธรรมสพน์ กรุงเทพมหานคร 10170','025481136','bt@gmail.com'),(00000004,'Nike','46 ถ.พุทธมณฑลสาย 1 เขต ภาษีเจริญ เเขวง บางน้อย 10160 ','023336666','nike@mail.com'),(00000005,'Pharma C','56 เขต ดุสัตว์ เเขวง ดุจัง กรุงเทพมหานคร 10130','025519878','pmc@gmail.com'),(00000006,'HM','46 ถ.มนูประดิษฐ์ เเขวง กล้วยน้ำว้า เขต เล็บมือนาง กรุงเทพมหานคร 10210','021122211','lego@mail.com'),(00000007,'H&N','12/1 ถ.นางลับ อำเภอ ทุ่งนา ตำบล บ้านนก ขอนเเก่น 222','021145546','hn@hotmail.com'),(00000008,'Misteen Dang','69/1 อำเภอ บางโพทะเล ตำบล ทะเลฟ้า สงขลา 60150','023353355','mt@mail.com'),(00000092,'kkk','jojojojojo','05689465465','sss@gmail.com');
/*!40000 ALTER TABLE `supplier` ENABLE KEYS */;
UNLOCK TABLES;
/*!40103 SET TIME_ZONE=@OLD_TIME_ZONE */;

/*!40101 SET SQL_MODE=@OLD_SQL_MODE */;
/*!40014 SET FOREIGN_KEY_CHECKS=@OLD_FOREIGN_KEY_CHECKS */;
/*!40014 SET UNIQUE_CHECKS=@OLD_UNIQUE_CHECKS */;
/*!40101 SET CHARACTER_SET_CLIENT=@OLD_CHARACTER_SET_CLIENT */;
/*!40101 SET CHARACTER_SET_RESULTS=@OLD_CHARACTER_SET_RESULTS */;
/*!40101 SET COLLATION_CONNECTION=@OLD_COLLATION_CONNECTION */;
/*!40111 SET SQL_NOTES=@OLD_SQL_NOTES */;

-- Dump completed on 2019-05-30  5:02:41
